created_at,tweet_id,tweet,likes,retweet_count,source,user_id,user_name,user_screen_name,user_description,user_join_date,user_followers_count,user_location,lat,long,city,country,continent,state,state_code,collected_at
2020-10-15 00:00:01,1.316529221557252e+18,"#Elecciones2020 | En #Florida: #JoeBiden dice que #DonaldTrump solo se preocupa por √©l mismo. El dem√≥crata fue anfitri√≥n de encuentros de electores en #PembrokePines y #Miramar. Clic AQU√ç ‚¨áÔ∏è‚¨áÔ∏è‚¨áÔ∏è
‚†Ä
üåêhttps://t.co/qhIWpIUXsT
_
#ElSolLatino #yobrilloconelsol https://t.co/6FlCBWf1Mi",0.0,0.0,TweetDeck,360666534.0,El Sol Latino News,elsollatinonews,"üåê Noticias de inter√©s para latinos de la costa este de #EEUU
‚†Ä‚èπÔ∏è Facebook e Instagram
‚†ÄüèôÔ∏è Philadelphia: /elsollatinonewspaper
‚†ÄüåÖ Miami: /elsollatinonewsmiami",2011-08-23 15:33:45,1860.0,"Philadelphia, PA / Miami, FL",25.77427,-80.19366,,United States of America,North America,Florida,FL,2020-10-21 00:00:00
2020-10-15 00:00:18,1.31652929585929e+18,#HunterBiden #HunterBidenEmails #JoeBiden #JoeBidenMustStepDown https://t.co/9enmxWvePm,0.0,0.0,Twitter for iPad,809904438.0,Cheri A. üá∫üá∏,Biloximeemaw,"Locked and loaded Meemaw. Love God, my family and my country. I will fight til my last breath for my children and grand children's freedoms. Trump2020",2012-09-08 01:03:57,6628.0,,,,,,,,,2020-10-21 00:00:00.517827283
2020-10-15 00:00:20,1.3165293050069524e+18,"@IslandGirlPRV @BradBeauregardJ @MeidasTouch This is how #Biden made his ! #TrumpIsNotAmerica !
https://t.co/uBqAFU86Ip",0.0,0.0,Twitter Web App,3494182277.0,Flag Waver,Flag_Wavers,,2015-08-30 19:38:21,1536.0,Golden Valley Arizona,46.3040364,-109.1714312,,United States of America,North America,Montana,MT,2020-10-21 00:00:01.035654566
2020-10-15 00:00:21,1.3165293080815575e+18,@chrislongview Watching and setting dvr. Let‚Äôs give him bonus ratings!! #JoeBiden,0.0,0.0,Twitter for iPhone,8.242596012018524e+17,Michelle Ferg,MichelleFerg4,,2017-01-25 14:16:17,27.0,,,,,,,,,2020-10-21 00:00:01.553481849
2020-10-15 00:00:22,1.316529312741253e+18,#censorship #HunterBiden #Biden #BidenEmails #BidenEmail #Corruption https://t.co/C6clrtshQl,1.0,0.0,Twitter Web App,1.032806955356545e+18,the Gold State,theegoldstate,"A Silicon Valley #independent #News #Media #Startup
 *If you have any tips you'd like us to cover, please DM or tag us*",2018-08-24 01:49:01,390.0,"California, USA",36.7014631,-118.7559974,,United States of America,North America,California,CA,2020-10-21 00:00:02.071309132
2020-10-15 00:00:23,1.3165293165079306e+18,"""IS THIS WRONG??!!"" Cory Booker's BRILLIANT Final Questioning of Trump Nominee Amy Coney Barrett https://t.co/gCTvVLl4CS
#AmyConeyBarrett #CoryBooker #Barrett #Booker #Trump #KamalaHarris #JoeBiden #SCOTUS #SupremeCourtConfirmation",0.0,0.0,Twitter Web App,305727891.0,Dose of Dissonance,Dose_Dissonance,YOUTUBE CHANNEL: https://t.co/EFnKm5gnvV MERCHANDISE: https://t.co/FGCY7YPDGk,2011-05-26 18:09:32,4622.0,,,,,,,,,2020-10-21 00:00:02.589136415
2020-10-15 00:00:25,1.3165293244182405e+18,"In 2020, #NYPost is being #censorship #CENSORED by Twitter to manipulate a US election in favor of #JoeBiden and against #Trump.

but CCP from #China or porn on Twitter? 

That‚Äôs always been fine for @jack @vijaya @dickc @KatieS.

@marciadorsey is @jack sick?",0.0,0.0,Twitter for iPhone,19940334.0,Change Illinois | Biden will increase taxes by $4T,changeillinois,"Illinois, home of Lincoln and Reagan, used to be crossroads of America. Now, it's epicenter of political mafia, corruption and #ChicagoWay. #ChangeIllinois",2009-02-02 23:08:28,1397.0,"Chicago, Illinois",41.87556160000001,-87.6244212,Chicago,United States of America,North America,Illinois,IL,2020-10-21 00:00:03.106963698
2020-10-15 00:00:31,1.3165293476086784e+18,‚ñ∫‚ñ∫ Tell Politicians to STICK IT with this FREE Item! ‚ñ∫‚ñ∫ https://t.co/sua2FPNJTS ‚ñ∫‚ñ∫ #2020 #Biden #Deomocrat #Election #Politician #Politics #President #Republican #Trump #VPDebate ‚ñ∫‚ñ∫ @FreebieDepot https://t.co/QTRW3eMtd0,0.0,0.0,Freebie-Depot,103083214.0,üÜì Freebie Depot,FreebieDepot,"Free Stuff - No Fluff!  Get all kinds of FREE Stuff, FREE Samples, FREE Calendars, FREE Coupons, FREE, FREE, FREE! #freebies #freestuff #free #frugal #samples",2010-01-08 20:44:21,6402.0,USA - Land of the FREE!,,,,,,,,2020-10-21 00:00:03.624790981
2020-10-15 00:00:36,1.3165293692009513e+18,#Biden https://t.co/qMs0PmUev5,0.0,0.0,Twitter Web App,1.2725683675059487e+18,Kenneth,Kennethuteliv,,2020-06-15 16:35:31,103.0,,,,,,,,,2020-10-21 00:00:04.142618264
2020-10-15 00:00:41,1.3165293928273428e+18,"Proof  Bidens are crooked. Twitter will suspend me for sharing https://t.co/LUbPCbROEp
#Biden
#crookedBiden
#ukraniancollusion 
#Democrats
#HunterBidenEmails",1.0,1.0,Twitter for Android,1.2756585327848325e+18,Jake Rivendale,JakeRivendale,,2020-06-24 05:15:06,80.0,,,,,,,,,2020-10-21 00:00:04.660445547
2020-10-15 00:00:44,1.3165294056284815e+18,"Now Open! Create a FREE U.S. Election Pick'em Pool. Add some excitement to the potential chaos. Pick who you think will become President, who will win the Swing States, the popular vote, and more!
üá∫üá≤https://t.co/W6FKnaXVMT
#MAGA2020 #Trump #Biden #Politics #USElection2020 https://t.co/NwNfiZsy53",0.0,0.0,Hootsuite Inc.,21932049.0,OfficePools.com,officepools_com,Visit https://t.co/CdmWfqRMIS to play now! #fantasyhockey #fantasysports #hockeypool #footballpool #NHLpool #golfpool,2009-02-25 22:52:43,967.0,,,,,,,,,2020-10-21 00:00:05.178272830
2020-10-15 00:00:57,1.3165294600327987e+18,"FBI Allegedly Obtained Hunter Biden Computer, Data on Ukraine Dealings, Report Claims #JoeBiden #HunterBiden https://t.co/pDNmB0NqRU",0.0,0.0,Twitter for Android,9.607387225967534e+17,RLCompton,NewfoundStudio,"""There are things known and there are things unknown, and in between are the doors of perception."" Aldous Huxley",2018-02-06 04:55:35,266.0,"Kentucky, USA",37.5726028,-85.1551411,,United States of America,North America,Kentucky,KY,2020-10-21 00:00:05.696100113
2020-10-15 00:01:03,1.3165294820361093e+18,#JoeBiden was the point man https://t.co/dOTKamtths,0.0,1.0,Twitter for Android,1.2402689044397302e+18,Lilmissnoname,TwiggyTulip65,Proud Republican who loves God and my Country. I stand for our Flag and respect and back the Blue.,2020-03-18 13:28:56,190.0,,,,,,,,,2020-10-21 00:00:06.213927396
2020-10-15 00:01:15,1.316529533479248e+18,Y‚Äôall Just Locking Up Accounts Cause YALL Dont Want The Truth To Come Out About #Biden That‚Äôs Crazy Af https://t.co/uNvYFeVTU9,0.0,0.0,ReverbNation,83410481.0,üÜé‚ûïT√ø√ák√òüáßüá∏ üê≤üêâü¶Ç‚ôèÔ∏è,HipHopMatrix,#ARAWAK (https://t.co/l15AfNW4e6) (IG:Tycko_Lightbourne) (https://t.co/pvLhNydoZo)(https://t.co/sBScPksl8L) (JahSonTycko88@gmail.com),2009-10-18 18:07:33,4373.0,H-Town,,,,,,,,2020-10-21 00:00:06.731754679
2020-10-15 00:01:16,1.3165295378203812e+18,@tedcruz @cc125 #Trump2020 #BLM #obama #VoteRed #BidenHarris2020 #Blacklivesmatter #mikepence #Debates2020 #KamalaHarris #KamalaHarrisVP #biden #riots #hunterbidden #AOC #Trump #IlhanOmar #gavinnewsom #tedwheeler #GretchenWhitmer &gt;&gt; This is only the begining its going to get worse! https://t.co/jcccPhWtgY,1.0,0.0,Twitter Web App,1.3100400474214031e+18,Infamous One,InfamousOne13,"""The company you keep can have a major impact on your life."" 
 - Semper Fi -",2020-09-27 02:14:26,360.0,,,,,,,,,2020-10-21 00:00:07.249581962
2020-10-15 00:01:20,1.3165295553986273e+18,#IceCube isn‚Äôt a sellout how long are black people going to vote for Democrats and they do nothing for us look up what #Democrats really mean it means satan #JoeBiden admitted to #Pedophilia  #TRUMP2020ToSaveAmerica https://t.co/uAI1Iw07i5,1.0,1.0,Twitter for iPhone,285131934.0,ùìêùìµùìÆùîÅùì≤ùì™ ùìúùì™ùìªùì≤ùìÆùìÆüßòüèæ‚Äç‚ôÄÔ∏èü¶ã‚ú®,alexiamariee_,snap: ùíúùìÅùëíùìçùíæùí∂ùìÇùí∂ùìáùíæùëíùü§ùü® ig: ùíúùìÅùëíùìçùíæùí∂ùìÇùí∂ùìáùíæùëíùëí. üïäüôèüèæKavoucia Davis. #studentnurse ‚ò§/ #futurerealatorüèö,2011-04-20 15:50:33,582.0,üá®üá±üáßüá∏,,,,,,,,2020-10-21 00:00:08.285236528
2020-10-15 00:01:20,1.3165295569295114e+18,"BREAKING ‚Äî Twitter Safety account provides info on why they have taken action against #NYPost story / article link that discusses #JoeBiden and his son #HunterBiden.

#Censorship #Facebook #Maga https://t.co/53FSqcW6Cr",1.0,1.0,Twitter for iPhone,1.2472233747172966e+18,Insider Paper,TheInsiderPaper,"Insider Paper is your source to real news from around the globe. The site covers Breaking news, Tech News, Business News and Politics News",2020-04-06 18:09:10,1200.0,,,,,,,,,2020-10-21 00:00:07.767409245
2020-10-15 00:01:23,1.3165295693614694e+18,"Comments on this? ""Do Democrats Understand how Ruthless China is?"" https://t.co/QevK00yhs3 #China #HunterBiden #JoeBiden #BidenHarris #BidenHarris2020 #TrumpPence2020 #Trump #realDonaldTrump #WTO #coronavirus #trade https://t.co/Wjm1hyTFNZ",0.0,0.0,Twitter Web App,101659277.0,John Ubaldi,ubaldireports,Just Facts... No Fiction on domestic and global political issues.,2010-01-04 04:34:39,83.0,"Tampa, Florida",27.9477595,-82.458444,Tampa,United States of America,North America,Florida,FL,2020-10-21 00:00:08.803063811
2020-10-15 00:01:23,1.3165295691140833e+18,https://t.co/khrZuHsrQI here is #JoeBiden admitting to it,0.0,0.0,Twitter Web App,9.331704534301286e+17,4u2,whipit_Studio,,2017-11-22 03:09:08,11.0,,,,,,,,,2020-10-21 00:00:09.320891094
2020-10-15 00:01:27,1.3165295847126917e+18,I‚Äôm going to share things I like about Biden more. You should too. #BidenCares #Biden #ChickenTrump #KamalaHarris https://t.co/nBTI228sa2,0.0,0.0,Twitter for iPhone,915369254.0,Sammy McCarty,SammyTMcCarty,Sammy priorities 1) Labor‚Äôs rights 2) women's rights 3)Prison reform/marijuana legalization 4)Lions football,2012-10-30 19:50:37,394.0,"Rosemount, MN",,,,,,,,2020-10-21 00:00:09.838718377
2020-10-15 00:01:32,1.316529605281493e+18,#HunterBiden #HunterBidenEmails #JoeBiden #JoeBidenMustStepDown https://t.co/R09rW36Qu8,0.0,1.0,Twitter for iPad,809904438.0,Cheri A. üá∫üá∏,Biloximeemaw,"Locked and loaded Meemaw. Love God, my family and my country. I will fight til my last breath for my children and grand children's freedoms. Trump2020",2012-09-08 01:03:57,6628.0,,,,,,,,,2020-10-21 00:00:10.356545660
2020-10-15 00:01:42,1.316529646633136e+18,"In an effort to find the truth about allegations that @Twitter isn't allowing people to share the link to a @nypost article about Hunter Biden, this is what popped up #NYPost #HunterBiden #Biden #Election2020 https://t.co/yYImdZrOKz",1.0,0.0,Twitter Web App,1.1651178681507963e+18,The Big Homie,_dbrown_23,"#YAHDOG Posse's Top Guy.
@illinivideo
@Illinois_Alma @UIJournalism '23 üî∂, @ParklandCollege '21 üêç
Previous work: @WGCYRadio.",2019-08-24 04:25:30,954.0,"Champaign, IL",40.1164205,-88.2433829,,United States of America,North America,Illinois,IL,2020-10-21 00:00:10.874372943
2020-10-15 00:01:47,1.316529668279894e+18,Twitter is doing everything they can to help Democrats win the election. Making sure nobody sees a negative story about Biden. Only Negative stories on Trump. #TwitterCensorship #Biden #Ukraine #HunterBiden https://t.co/dbLKQBMvRU,1.0,0.0,Twitter for iPhone,1.1399619558616516e+18,Wynward,Joelwhct,,2019-06-15 18:24:44,2.0,"Hollywood, FL",34.0980031,-118.329523,Los Angeles,United States of America,North America,California,CA,2020-10-21 00:00:11.392200226
2020-10-15 00:01:50,1.3165296791893975e+18,#JoeBiden calls him a lier and then insults him for being overweight.  Biden shows his low IQ daily.  Maybe Joe should hold town halls in kindergarten.  He‚Äôll be amongst equals and no one will say anything when he takes his afternoon nap https://t.co/Mr2nh102nG,0.0,0.0,Twitter for iPhone,828359293.0,Andy üá∫üá∏,VandyRick,,2012-09-17 04:52:42,15.0,United States,39.7837304,-100.4458825,,United States,North America,,,2020-10-21 00:00:11.910027509
2020-10-15 00:01:55,1.3165297017419776e+18,"@ProjectLincoln @nypost VOTE wisely.
and by wisely I mean for JOE‚Ä¶ or else
we will have to see on t.v. for‚Ä¶.

#JoeBiden @JoeBiden https://t.co/HB1kGUOdZT",30.0,4.0,Twitter Web App,54361678.0,Ginger Kitty,icecreamonacone,"I'm just a ginger kitty. I'm chill for the most part & nap often. I'm not political. But this cat is pissed. This ""President"" is stepping on my tail. hiss",2009-07-06 22:49:14,1701.0,,,,,,,,,2020-10-21 00:00:12.427854792
2020-10-15 00:01:57,1.3165297093714616e+18,@RealJamesWoods #BidenCrimeFamily #JoeBiden #HunterBiden #HunterBidenEmails https://t.co/ottX1yP37j,0.0,0.0,Twitter for Android,1.3008370169097503e+18,Sam KEYS,SamKEYS65729181,Patriot,2020-09-01 16:45:14,29.0,"Los Angeles, CA",34.0536909,-118.242766,Los Angeles,United States of America,North America,California,CA,2020-10-21 00:00:12.945682075
2020-10-15 00:01:59,1.316529716623483e+18,VOTE FOR #JoeBiden https://t.co/IIROoL5U0O,9.0,5.0,Twitter for iPhone,278714232.0,FedUpInAmerica üè¥‚Äç‚ò†Ô∏è,bvroman1955,VOTE: Your life depends on it!#TrumpLiesAmericansDie #DumpTrump #DitchMitch #VoteBlue2020 #BLMüåà#LincolnVoter üá∫üá∏ No DM #JoeBidenKamalaHarris üá∫üá∏‚òÆÔ∏è,2011-04-07 20:36:43,1312.0,"Florida, USA",27.7567667,-81.4639835,,United States of America,North America,Florida,FL,2020-10-21 00:00:13.463509358
2020-10-15 00:02:00,1.3165297246261043e+18,#Trump is tearing up #Biden at the #TrumpRally over the #HunterBidenEmails,0.0,1.0,Twitter Web App,138870199.0,BIBLE MAN ‚úùÔ∏è Jesus' Rapture The Last Day John 6:40,acceptjesusnow,Jesus' #Rapture Prophecy The Last Day. This is the only correct explication of the Rapture ever published. https://t.co/qvS2JBo4l4,2010-04-30 21:28:28,2589.0,"Hemet, California  ",33.7475203,-116.9719684,,United States of America,North America,California,CA,2020-10-21 00:00:13.981336641
2020-10-15 00:02:05,1.3165297436306555e+18,"#Trump #Obama #Clinton #Biden

#ManWomanPersonCameraTV

#RockPaperScissors

#HandsFaceSpace

#VoteJoeBiden 

#USElection #USElection2020

#Pence vs #Harris

#DrugsTest #TrumpDrugs #BidenDrugs

#InjectDisinfectant #PowerfulLight through the skin or some other way üò≥üôÜüèΩ‚Äç‚ôÇÔ∏èü§∑üèΩ‚Äç‚ôÇÔ∏èü§¶üèΩ‚Äç‚ôÇÔ∏è https://t.co/tBqSpgWoR0",0.0,0.0,Twitter for iPhone,132163121.0,Saroop Rooprai FIA,roshannnikhil,üå∂G20 YEA UK DELEGATE üå∂ACTUARY üå∂ CORPORATE FINANCE üå∂KPMG Veteran üå∂REAL ESTATE üå∂BRAND AMBASSADOR üå∂NED üå∂PENSION TRUSTEE üå∂CHEF üå∂LFC YNWA,2010-04-12 13:11:33,841.0,"London, UK",51.5073219,-0.1276474,London,United Kingdom,Europe,England,ENG,2020-10-21 00:00:14.499163924
2020-10-15 00:02:06,1.3165297461095096e+18,Come on @ABC PLEASE DO THE RIGHT THING. Move the #biden town hall.  I bet a requirement for Orange Monkey to do the NBC town hall was to have it opposite Biden.  PLEASE MOVE YOURS.,0.0,0.0,Twitter Web App,334322367.0,Elphygirl,Elphygirl,"#imwithher - forever. Mother, Wife. Daughter. Keep your religion out of my body. #Resist",2011-07-12 22:32:26,166.0,"New York, NY",40.7127281,-74.0060152,New York,United States of America,North America,New York,NY,2020-10-21 00:00:15.016991207
2020-10-15 00:02:07,1.3165297527616102e+18,"If the actions of Facebook and Twitter over the #NewYorkPost expose on #Biden and his son doesn't convince you that the corporate media is manufactured news/MIC/thought control bullshit, nothing will.",0.0,0.0,Twitter Web App,1.2202326554819953e+18,SqueakyJ7720,JT70006955,#WearAMask and save lives!  #ACAB #Medicare4All #FreeCollege #Reparations #Lakers #blackempowerment,2020-01-23 06:32:16,85.0,,,,,,,,,2020-10-21 00:00:15.534818490
2020-10-15 00:02:13,1.3165297778812518e+18,"#Omg...he'll probably be whispering in #Biden's ear, 
""Don't f*ck this up...#China is counting on us..."" 

#NoTPP #StopTPP #NoCPTPP #StopCPTPP

https://t.co/eqI3atGiw9 https://t.co/8ySX3OWubx https://t.co/QBpLJIBwfT",0.0,0.0,Twitter Web App,2281727857.0,‚è≥Elizabeth Mueller‚åõÔ∏è,LizActivate,"Once #StopTPPCallTeam & #WeStoppedTPP (in USA). Now, we're #StopCPTPPCallTeam! We call Congress, DAILY, & say:#StopCPTPP!",2014-01-08 06:51:27,3313.0,,,,,,,,,2020-10-21 00:00:16.052645773
2020-10-15 00:02:20,1.3165298078957855e+18,"@MaryBriggs1 God forbid that Biden should get anything, no control, nothing! 
If you watch #Biden, he gets out of control on every slightest questions!
How can a person like him, be a Commander in Chief of the United States of America?
How?",1.0,1.0,Twitter for Android,3385804869.0,@egoyibonwaiwu,egoyibo55,Retired London business woman,2015-07-21 13:20:33,2464.0,"England, United Kingdom",52.7954791,-0.5402403,,United Kingdom,Europe,England,ENG,2020-10-21 00:00:16.570473056
2020-10-15 00:02:22,1.3165298163430195e+18,"@TwitterSafety You don‚Äôt usually bother, why the huge effort in response to the #Biden @nypost story?",1.0,0.0,Twitter for iPhone,3909089596.0,Steve in London #LetsGetGoing,LordCLQTR,"Conservative, gay (most of the time), pro #Brexit.",2015-10-09 12:54:12,621.0,United Kingdom,54.70235450000001,-3.2765753,,United Kingdom,Europe,,,2020-10-21 00:00:17.088300339
2020-10-15 00:02:23,1.3165298193630167e+18,"#realDonaldTrump addresses #JoeBiden and #HunterBiden corruption, more proof of which discovered on a laptop.
#ObamaBidenGate #NYPost #MSNBC #CBS #NBC #ABC #FoxNews #KamalaHarris https://t.co/7RtMOdoXGd",0.0,1.0,Twitter for iPhone,3381891372.0,Truth Hurts,TheTruthSekr,"You are only a victim of yourself and your poor choices. No one owes you anything. Ask Mr Denny, don‚Äôt brake for protesters.   Democrats are the enemy within.",2015-08-29 13:25:25,411.0,"Minneapolis, MN",44.9772995,-93.2654692,Minneapolis,United States of America,North America,Minnesota,MN,2020-10-21 00:00:17.606127622
2020-10-15 00:02:29,1.3165298448853484e+18,#unflatteringdogphotochallenge #HunterBiden #CNN #Biden #ChickenTrump #AmericaFirst #bachelorette #90DayFiance #BigBrother #coronavirus #BidenHarris2020 #JoeBiden https://t.co/mnalZeTKmM https://t.co/hWV9PBbiJX,0.0,0.0,Twitter for iPhone,4498088794.0,Tony Baloney,tony_baloney2,,2015-12-16 01:51:56,5.0,,,,,,,,,2020-10-21 00:00:18.123954905
2020-10-15 00:02:35,1.31652987081873e+18,A simple question. Who are you voting for? #2020Election #DonaldTrump #JoeBiden #uspoli #mapoli,1.0,1.0,Twitter for Android,8.957270197107917e+17,John MacDonald for the People,jmac4thepeople,"Father, veteran, veteran's advocate, former candidate for MA State Senate, weekly columnist for the Lowell Sun, Fitchburg Sentinel , an American Patriot .",2017-08-10 19:22:18,1253.0,"Lowell, MA",42.633424700000006,-71.3161718,Lowell,United States of America,North America,Massachusetts,MA,2020-10-21 00:00:19.159609471
2020-10-15 00:02:41,1.3165298927423652e+18,"@Twitter, since you are censoring free speech, in regards to the #JoeBiden email scandal, I opened up a @parler_app account. I wouldn't have done it without your motivation!
@JoeBiden #Parler #censorship #Twitter #Conservative",0.0,0.0,Twitter for Android,1.2514125332164936e+18,Gen X James,GenXJames1,"I'm a non apologetic, non Millennial.
I am a patriotic American.
I love my girlfriend, animals, the outdoors, guns, photography, God, and freedom.",2020-04-18 07:30:08,29.0,"Minnesota, USA",45.98965870000001,-94.6113288,,United States of America,North America,Minnesota,MN,2020-10-21 00:00:19.677436754
2020-10-15 00:02:42,1.3165298999146455e+18,@Timodc OH BARF! Video of #Biden bragging about withholding the money to #Ukraine unless they complied. Fact not your crap.,0.0,0.0,Twitter for iPhone,366243436.0,GrammyNoFilter,pitphx,,2011-09-01 20:45:57,202.0,,,,,,,,,2020-10-21 00:00:20.713091320
2020-10-15 00:02:42,1.3165298981404467e+18,#Biden https://t.co/WAFPpbahqX,0.0,0.0,Twitter for iPhone,1.2759447063341711e+18,one_middleman,one_middleman,Libertarian Patriot,2020-06-25 00:11:49,6.0,,,,,,,,,2020-10-21 00:00:20.195264037
2020-10-15 00:02:49,1.3165299281547756e+18,"@Twitter blocking people from their account because Hunter Biden introduced his Dad @JoeBiden to the Ukraine dude... $$$$
#JoeBiden has some explaining to do https://t.co/wnebC1y8L7",0.0,0.0,Twitter for iPhone,73915832.0,Anna Moro üáªüá¶üáßüá∑üá∫üá∏,acmtilim,Roman Catholicüáªüá¶‚öúÔ∏è Wife- Mother- love beagles & cats. Shop local/ small business. Blocking anyone using *latinx‚Äù in a non sarcastic way.,2009-09-13 16:23:11,473.0,,,,,,,,,2020-10-21 00:00:21.230918604
2020-10-15 00:02:50,1.3165299335068017e+18,Has this awoken you from your slumbers yet @BBCJonSopel. Getting to the point where even you may have to file a negative story about #Biden! https://t.co/Y54y25n6dU,1.0,0.0,Twitter for iPhone,56670976.0,malcolm cowing,MalcolmCowing,Retired former Managing Partner of marcoms agency.,2009-07-14 11:36:31,1349.0,"Yorkshire, England",38.7930988,-77.4479432,,United States of America,North America,Virginia,VA,2020-10-21 00:00:21.748745887
2020-10-15 00:02:54,1.3165299474151383e+18,"Since Twitter is censoring news, here‚Äôs the screen shot... #censorship #biden #BidenHarris2020 #NYPost https://t.co/03TJVAh7xE",941.0,608.0,Twitter for iPhone,23171537.0,Jeff,jeff4cy,"Father, husband, Lutheran, Iowan, farm kid, Cyclone.",2009-03-07 06:13:35,346.0,,,,,,,,,2020-10-21 00:00:22.266573170
2020-10-15 00:02:55,1.3165299516261376e+18,@jolenebuntinguk @realDonaldTrump amazing what you can do these days... time well spent (NOT) #VOTE #maskupUAS #FoxNews '#CNN #JoeBiden #TrumpIsALaughingStock,0.0,0.0,Twitter Web App,396415192.0,Billy Rennie,BillyBillyboy67,"Glasgow lad, love poker and my guitar.  Glasgow Rangers man but NO BIGOT. So hi to all the twits out there l ;-)üòÄüòÄüòÄ",2011-10-23 07:22:58,21.0,Scotland,56.78611120000001,-4.1140518,,United Kingdom,Europe,Scotland,SCT,2020-10-21 00:00:22.784400453
2020-10-15 00:02:56,1.3165299558496584e+18,@heffnera While you have the tar &amp; feathers out why don't you question @JoeBiden about the quid pro quo with the Ukrainians.The #media and Democrats are suppressing the story and hiding the government corruption by #JoeBiden . Do you support corruption? If not let's tar and feather #Biden,0.0,0.0,Twitter Web App,1.2602108453652849e+18,Wes Bledsoe,bledsoe_wes,,2020-05-12 14:11:20,45.0,,,,,,,,,2020-10-21 00:00:23.302227736
2020-10-15 00:02:57,1.316529960996176e+18,@ThePlumLineGS #twitter lies here is #JoeBiden https://t.co/khrZuHsrQI,0.0,0.0,Twitter Web App,9.331704534301286e+17,4u2,whipit_Studio,,2017-11-22 03:09:08,11.0,,,,,,,,,2020-10-21 00:00:24.337882302
2020-10-15 00:02:57,1.316529962833326e+18,Hunter Biden emails demonstrate the crooked Biden family. #Biden,0.0,0.0,Twitter for iPhone,304587787.0,Mames,Mame2go,"Drats,Drats & Double Drats! Love Ya, Mean it!",2011-05-24 19:28:46,45.0,Florida,27.7567667,-81.4639835,,United States of America,North America,Florida,FL,2020-10-21 00:00:24.855709585
2020-10-15 00:02:58,1.3165299680301343e+18,#Twitter #HunterBiden #BigTechCensorship #bigtech #BigTechCoup #JoeBiden #Biden https://t.co/VMgtbVEkTT,0.0,0.0,Twitter for Android,1050210018.0,knock knock,pengyanong,,2012-12-31 12:19:28,36.0,,,,,,,,,2020-10-21 00:00:25.891364151
2020-10-15 00:02:59,1.3165299703326966e+18,"@ABC @CBSNews @CNN @NBCNews all ignoring BIDEN family shady dealings with China. #Biden
NY Post exposes Biden crimes. Senate Homeland Security Committee Investigating Hunter Biden Emails https://t.co/PLrGGuEB5L @GOP @TrumpWarRoom @realDonaldTrump",0.0,0.0,Twitter for Android,249508009.0,J. Sittler,datacrown,The past 4 years have proved that liberals & Democrats are the most vile vulgar violent divisive intolerant hypocritical HATEFUL beings out there.,2011-02-09 05:33:35,3272.0,,,,,,,,,2020-10-21 00:00:26.409191434
2020-10-15 00:03:05,1.3165299954733302e+18,"@ProjectLincoln @nypost VOTE wisely.
and by wisely I mean for JOE‚Ä¶ or else‚Ä¶.

#JoeBiden @JoeBiden https://t.co/zitXBdRmWO",39.0,9.0,Twitter Web App,54361678.0,Ginger Kitty,icecreamonacone,"I'm just a ginger kitty. I'm chill for the most part & nap often. I'm not political. But this cat is pissed. This ""President"" is stepping on my tail. hiss",2009-07-06 22:49:14,1701.0,,,,,,,,,2020-10-21 00:00:26.927018717
2020-10-15 00:03:17,1.3165300473695724e+18,"Hunter #Biden introduced his father, then-Vice President Joe Biden, to a top executive at a Ukrainian energy firm less than a year before the elder Biden¬†pressured government officials in Ukraine¬†into firing a prosecutor who was investigating the company, according to emails",1.0,0.0,Twitter for Android,193687333.0,Gaminglawyer,GamingLawyer,"Legal & Business Services 4 Online Gaming & Gambling, Sports Gambling, Online Privacy and Litigation
Retweets are NOT endorsements",2010-09-22 13:10:30,2418.0,"New York, USA",40.7127281,-74.0060152,New York,United States of America,North America,New York,NY,2020-10-21 00:00:27.444846
2020-10-15 00:03:23,1.3165300703879373e+18,@seeknmeann I guess #beaubiden was just as crooked as his father #joebiden. #democRat party is circling the drain. America loves and backs you Larry Sinclair,1.0,0.0,Twitter for iPhone,1.2663799435099218e+18,SAL,SAL75292573,Nothing to say here.,2020-05-29 14:44:54,1.0,,,,,,,,,2020-10-21 00:00:28.480500566
2020-10-15 00:03:23,1.3165300729254134e+18,"Hunter #Biden introduced Ukrainian businessman to VP dad

That is real! Twitter and Facebook literally block every1 from posting this story and link to it &amp; this is mainstream #NewYorkPost!

I hate Trump, but censorship is never a progress - be it from right - be it from left.",1.0,2.0,Twitter for iPhone,2964580733.0,Adam K.Paw≈Çowskiüáµüá±,adpaw13,"Rationalist, Empiricist, Agnostic, Deist, Freethinker, Religious Sceptic, Proud Polish Citizen, For-EU Change, Democracy, Human Rights, Secularism, Science",2015-01-06 17:25:42,4345.0,"Poland, Warsaw",52.2319581,21.0067249,Warsaw,Poland,Europe,Masovian Voivodeship,MA,2020-10-21 00:00:27.962673283
2020-10-15 00:03:24,1.3165300754043003e+18,"This is from the same night I met the cast of #TWW and I was wearing the same shirt as @AllisonBJanney üòç

#VOTE #voteblue #JoeBiden #LoveTrumpsHate https://t.co/aESuB1ipBq",0.0,0.0,Twitter for iPhone,558180437.0,ü¶© Hannah for Biden/Harrisü¶©,CarlsonHannahM,Band Director ‚Ä¢ BME Furman University ‚Ä¢ MM x2 Butler University ‚Ä¢ Percussionist ‚Ä¢ Gator Sports Fan ‚Ä¢ Leonard Bernstein aficionado ‚Ä¢ she/her ‚Ä¢ FL-SC-IN-NC,2012-04-20 00:28:01,133.0,"Indianapolis, IN",39.7683331,-86.1583502,Indianapolis,United States of America,North America,Indiana,IN,2020-10-21 00:00:28.998327849
2020-10-15 00:03:29,1.31653009533977e+18,What a load of crap from #Twitter attempting to justify their censorship of @nypost #UkraineGate article especially when they acted in step with @Facebook to suppress this information. Both stepped in üí© by putting their thumbs on the scale for #Biden &amp; must pay the price! https://t.co/ImOD7zUULN,1.0,1.0,Twitter for iPhone,7.566587592886804e+17,S Ram,SRAMTH,,2016-07-23 01:14:41,25.0,,,,,,,,,2020-10-21 00:00:29.516155132
2020-10-15 00:03:31,1.3165301047684465e+18,"@Jbeckner121105 @nbc Thinking of watching the #SteamingPileOfTrump town hall Thursday?
Please reconsider.
#JoeBiden has a previously announced town hall on 
@ABC @ the same time on Thursday.
#Boycott @MSNBC, @CNBC &amp; the #TrumpTownHall.
Watch #ABC instead.
#BoycottMSNBC #BoycottNBC #Resist #MeToo https://t.co/yEZnETmGFQ",1.0,0.0,Twitter Web App,3121635535.0,#Register AND #Vote!,GOPUggh,"Retweet
Likes Are Like Kissing Your Sister 
#RegisterWith2Friends #VoteWith2Friends
#VetsForGunReform
No Lists",2015-03-31 20:46:39,1404.0,,,,,,,,,2020-10-21 00:00:30.033982415
2020-10-15 00:03:42,1.3165301505662444e+18,"Video from The Recount. Trump's Stupid History With Hurricanes.

#JoeBiden #Biden2020 #BlueWave2020 #TrumpMadeInChina #VoteOutRacism #TrumpHoaxedAmerica #VotingForMyAmerica #AmericasGreatestMistake #TrumpHatesWomen #YesWeCan #TrumpIsACompleteFailure 

https://t.co/uACk92IkCz",1.0,0.0,Twitter Web App,1.216760701982777e+18,John & Mike,ProgPolAdvisor,John & Mike.,2020-01-13 16:35:46,5669.0,,,,,,,,,2020-10-21 00:00:30.551809698
2020-10-15 00:03:44,1.3165301597140296e+18,#Biden #BidenHarris2020 #BidenHarris  https://t.co/9s9zwfRDOv,1.0,1.0,Twitter for iPhone,23171537.0,Jeff,jeff4cy,"Father, husband, Lutheran, Iowan, farm kid, Cyclone.",2009-03-07 06:13:35,346.0,,,,,,,,,2020-10-21 00:00:31.069636981
2020-10-15 00:03:45,1.31653016422289e+18,#Biden supporters are the like the #stormarea51 fokes. For the good of all Americans hopefully they can be found and they #TrumpPence2020 #VoteTrump2020ToSaveAmerica. https://t.co/uLpc2QYbc0,1.0,0.0,Twitter for Android,1.3103297280421806e+18,Mike Brown,MikeBro66749656,Political Consultant,2020-09-27 21:25:55,2.0,,,,,,,,,2020-10-21 00:00:31.587464264
2020-10-15 00:03:49,1.3165301785128755e+18,"@realDonaldTrump #TrumpIsALaughingStock @realDonaldTrump at his Iowa cult rally compared #JoeBiden to Putin, XI, and Kim Jong-un.  In the same sentence he called @JoeBiden ‚Äúshot‚Äù and all 3 communist leaders ‚ÄúSHARP‚Äù

#TrumpIsANationalDisgrace",0.0,0.0,Twitter for iPhone,9.146944960001188e+17,√ürauntek‚àûJohn‚òª,bocatek,IT Specialist|Former Firefighter| Online Privacy Advocate|American|Patriot|#BidenHarris2020|https://t.co/adCaF3vMIs,2017-10-02 03:32:16,295.0,"Boca Raton, Florida USA",26.3586885,-80.08309840000003,Boca Raton,United States of America,North America,Florida,FL,2020-10-21 00:00:32.105291547
2020-10-15 00:03:50,1.3165301834621788e+18,@ThePlumLineGS is #JoeBiden a liar .blocking people who state facts is dishonest https://t.co/khrZuHsrQI,1.0,0.0,Twitter Web App,9.331704534301286e+17,4u2,whipit_Studio,,2017-11-22 03:09:08,11.0,,,,,,,,,2020-10-21 00:00:32.623118830
2020-10-15 00:03:55,1.316530205507244e+18,#JoeBiden You will NOT be elected President because YOU ARE NOT ONE OF US!,0.0,0.0,Twitter Web App,1.303750983797715e+18,Ed Able,EdAble3,,2020-09-09 17:44:03,4.0,,,,,,,,,2020-10-21 00:00:33.140946113
2020-10-15 00:03:59,1.3165302209466655e+18,"Biden, Bush Bombshells https://t.co/BSJiRQHRwq nasty lying GUILTY Hunter Biden...wow! Court documents expose the slime the #Biden‚Äôs are...",0.0,0.0,Twitter for iPhone,11233922.0,beckyblanton,beckyblanton,"TEDGlobal 2009 Speaker, Ghostwriter. Issues, not labels. My Tweets are my own, not those of clients or organizations.",2007-12-16 21:07:15,1635.0,USA,39.7837304,-100.4458825,,United States,North America,,,2020-10-21 00:00:33.658773396
2020-10-15 00:04:03,1.3165302381893386e+18,"@TwitterSafety @Twitter @RecIaimTheNet This is serious interference and censorship in an ongoing democratic election Twitter! What proofs do you have that this is ""Hacked Materials""?
#news #politics #censorship #Election2020 #election #Biden  #Trump https://t.co/cYQmAyVizU",0.0,0.0,Twitter Web App,2899706427.0,Make More,Make__More,,2014-11-30 20:48:45,14.0,,,,,,,,,2020-10-21 00:00:34.176600679
2020-10-15 00:04:06,1.3165302497697874e+18,#Biden @JoeBiden Losers x2. https://t.co/sCOEt7QdIk,0.0,0.0,Twitter for iPhone,1.241873108174123e+18,Bevmaxn,bevmaxn,,2020-03-22 23:44:00,36.0,,,,,,,,,2020-10-21 00:00:34.694427962
2020-10-15 00:04:07,1.3165302557802906e+18,"@BreitbartNews And what the F is this.

#WashingtonPost confirms...there is an ACTUAL VIDEO OF #JoeBiden saying he literally did this. 

#TwitterIsTheDNC https://t.co/GPMSYhmGxF",1.0,0.0,Twitter Web App,7.548875966401782e+17,_____________,BlackGirlDreams,BLM: DONATE PLEASE TO HELP $Dreamsdept,2016-07-18 03:56:43,87.0,,,,,,,,,2020-10-21 00:00:35.212255245
2020-10-15 00:04:10,1.3165302683212554e+18,"Some where in the shadows, Hillary is firing up her suicide machine. #Biden #HunterBiden #HunterBidenEmails",1.0,0.0,Twitter for Android,3026998724.0,TxBetoGuts‚ò†ü§†ü¶áü¶í,TxBetoGuts,üö´ü•æüêçTexas hombre that does Texas stuff in Texas.üîî I also heart unicorns and blownin stuff up.ü¶î I'm not a real Libertarian ü¶Ñüî•üí£üí•,2015-02-18 19:10:50,790.0,,,,,,,,,2020-10-21 00:00:35.730082528
2020-10-15 00:04:25,1.3165303310010163e+18,These are #Biden people with bats. https://t.co/1UCaX1HvhC,0.0,0.0,Twitter for Android,118041608.0,John Carr,UtleyYATM,,2010-02-27 12:06:49,151.0,"Garnet Valley, Pa.",35.0634594,-82.03351049999998,,United States of America,North America,South Carolina,SC,2020-10-21 00:00:36.247909811
2020-10-15 00:04:30,1.3165303502151066e+18,"‚ÄúDear Hunter, thank you for inviting me to DC and giving an opportunity to meet your father and spent [sic] some time together. It‚Äôs realty [sic] an honor and pleasure,‚Äù -Vadym Pozharskyi, an adviser to the board of Burisma #JoeBiden #Corruption #BidenHarris #HunterBiden https://t.co/JuuFL2yu3x",1.0,1.0,Twitter for iPhone,178098133.0,DJ RealNiceMike,RealNiceMike,,2010-08-13 21:40:14,16.0," Deltona, FL 32725",,,,,,,,2020-10-21 00:00:36.765737094
2020-10-15 00:04:37,1.3165303814247916e+18,TWITTER is so corrupt!!!!  We see you @Twitter #Corruption #Biden #HunterBiden #HunterBidenEmails #hunterscrackpipe #ObamaBidenGate #FakeNews,1.0,0.0,Twitter for iPhone,1.1863885732740055e+18,Nicholas,Nichola34778500,,2019-10-21 21:07:52,1.0,,,,,,,,,2020-10-21 00:00:37.283564377
2020-10-15 00:04:39,1.3165303884334285e+18,@roinnslainte @CMOIreland @ronan_glynn @lieabh @maddow @Lawrence @RepKatiePorter @drsanjaygupta @KamalaHarris @JoeBiden @VP @realDonaldTrump @Yamiche @CDCDirector.  Why aren‚Äôt we having ads like this in the US.  Ireland has an uptick in cases and they aren‚Äôt advocating 2-6 million ppl die using idiotic ‚Äúherd immunity‚Äù! #Biden,0.0,0.0,Twitter for iPhone,1025741330.0,Darlene Cullington,dacullington,"beach lover, mother of two wonderful sons and a patient hubby, dogs make my life fulfilled, (our cat just meows for food a lot), movies are a must!",2012-12-21 05:50:10,763.0,,,,,,,,,2020-10-21 00:00:37.801391660
2020-10-15 00:04:40,1.3165303954212536e+18,The reason why Twitter has locked the New York Post account is because the Post is reporting on explosive new revelations that prove #JoeBiden lied to coverup his corrupt and illegal activity as Vice President. https://t.co/VEaoC6PrTU,0.0,0.0,Twitter for iPhone,3112087310.0,Complete Christianity,ShaneSchaetzel,"Catholic Convert & Apologist, Catechist, Author, Columnist and Blogger: https://t.co/AwlyumNyEY (Parler: @ShaneSchaetzel)",2015-03-28 03:51:53,687.0,The Ozarks,35.4787003,-93.4655306,,United States of America,North America,Arkansas,AR,2020-10-21 00:00:38.319218943
2020-10-15 00:04:41,1.3165303977785016e+18,"State of the race in SOUTH CAROLINA as of 10/14/2020

Polling Average:

Trump 51.0% (-0.1% from yesterday)
Biden 43.8% (-0.2% from yesterday)

Win probabiity:

Trump: 88.7% (+0.3% from yesterday)
Biden: 11.3%
 
Source: FiveThirtyEight

#ElectionTwitter
#Election2020
#Biden #Trump",1.0,0.0,,1.304249338504401e+18,Election Poll Average Bot,ElectionRobot,beep boop,2020-09-11 02:44:29,128.0,,,,,,,,,2020-10-21 00:00:38.837046226
2020-10-15 00:04:46,1.3165304195218022e+18,"Powerful actors are trying to twist the arms of Americans into voting for #Biden but don't seem to understand human behavior. Forcefully blindfolding and leading voters away from a media story about Biden only makes him look really, really bad. https://t.co/6EP7mglTe6",0.0,0.0,Twitter Web App,92361181.0,Harry J. Bentham,hjbentham,"Independent author via @amazon and former columnist for @Beliefnet and @PressTV. Interested in politics, futurism, sci fi. Author of the @CatalystThesis.",2009-11-24 20:45:34,1049.0,United Kingdom,54.70235450000001,-3.2765753,,United Kingdom,Europe,,,2020-10-21 00:00:39.354873509
2020-10-15 00:05:01,1.3165304836441006e+18,"Uh oh Joe... Things really seem to be unwinding fast now.

#BidenHarrisToSaveAmerica
#BidenHarrisLandslide2020
#BidenHarris #Biden #JoeHidin
#HeelsUpHarris üë†#HarrisBiden2020
#TrumpCovid19 #Trump2020
#Trump2020Landslide üá∫üá∏#KAG2020 üï∂",1.0,0.0,Twitter for iPhone,1.2998176746339328e+18,Support Our President,SupportOurPres,Married my high school sweetheart. Trump has done great things for our country. Parlor @SupportOurPres #Family #1a #2a #Trump2020 #NotSoSilentMajority #ProLife,2020-08-29 21:14:45,317.0,United States,39.7837304,-100.4458825,,United States,North America,,,2020-10-21 00:00:39.872700792
2020-10-15 00:05:04,1.316530494696112e+18,"Laptop computer abandoned at Delaware repair shop contains #emails between #HunterBiden &amp; senior #Burisma #adviser indicating Hunter arranged a meeting between then VP #JoeBiden &amp; the adviser in Washington, DC in 2015.
Joe Biden Calls a Lid &amp; Hides https://t.co/X1ynqJzbUN",1.0,1.0,Twitter Web App,91145973.0,H L Wegley,hlwegley,Meteorologist & Comp Sci guy who writes novels with a climate of suspense & a forecast of stormy weather https://t.co/ZRp4fIyw7m https://t.co/laLtgbcKrx #ChristFic #Cleanbooks,2009-11-19 17:13:18,3313.0,Seattle area,47.6038321,-122.3300624,Seattle,United States of America,North America,Washington,WA,2020-10-21 00:00:40.390528075
2020-10-15 00:05:08,1.31653051025297e+18,"For 30+ Years the @GOP Has Wanted to Destroy #SocialSecurity...4 the 1st Time in My Generation, the GOP Has a President Willing to Go All the Way 2 Abolish the Program that Helps #Seniors..This is One of the Reasons I Voted 4 #JoeBiden! #Florida #Virginia #NorthCarolina #PA #Ohio",0.0,1.0,TwInbox,212006850.0,Powered By Tank4u INC,PartesanJournal,Politically Independent Christian Enthusiast (PICE) #Prolife #ProUSA  #Redskins #Spurs #Celtics üèàüèÄ...Pragmatic American With a ‚òïÔ∏è of Sarcasm...Opinions My Own,2010-11-04 21:52:54,442.0,Virginia USA,,,,,,,,2020-10-21 00:00:40.908355358
2020-10-15 00:05:11,1.3165305231672197e+18,"#HunterBiden &amp; #JoeBiden are so busted! Emails released! #WakeUpAmerica 

#KAG #Trump2020",2.0,2.0,Twitter for Android,1.1425912136542372e+18,America For Trump,RealRedDebate,#PresidentTrump = #MAGA üëç #GodBlessAmerica üá∫üá∏ #AmericaFirst #Trump2020 #Trump2020LandslideVictory #Winning #KAG #WakeUpAmerica #Faith #Jesus üïÜ #LifeIsGood,2019-06-23 00:32:28,2045.0,#America,,,,,,,,2020-10-21 00:00:41.426182641
2020-10-15 00:05:13,1.316530531970896e+18,"HOYL!!

https://t.co/4MoM2dcnhN

#IceCube #JoeBiden",0.0,0.0,Twitter Web App,1.2904897790379418e+18,LordyHotdog,LordyHotdog,,2020-08-04 03:29:20,4.0,,,,,,,,,2020-10-21 00:00:41.944009925
2020-10-15 00:05:15,1.3165305423224914e+18,"Five cents says this gal is named Karen and voting for Trump, lol. #biden https://t.co/sYwYcmmkcA",1.0,0.0,Twitter for Android,1.17300661789107e+18,Nic,aggressivemew,"20| sometimes I play video games| ‚ô° love my fiance, daughter, and 6 cats| ‚ô° acab ‚ô°",2019-09-14 22:53:11,11.0,,,,,,,,,2020-10-21 00:00:42.461837208
2020-10-15 00:05:20,1.316530562883031e+18,#twittet and #facebook run for #biden at #PresidentialElection2020 #USElection2020. just to know. are you a sheep? https://t.co/yUK7cBdCki,0.0,0.0,Twitter for Android,2330388670.0,carlo martinuzzi,Carlomrtz,fintech e crypto banker italiano. Avvicino patrimoni aziendali e personali alla finanza del prossimo futuro #crowdfunding #bitcoin #cryptocurrencies #P2Plending,2014-02-07 16:31:04,1086.0,,,,,,,,,2020-10-21 00:00:42.979664491
2020-10-15 00:05:22,1.3165305719050322e+18,#Biden lied https://t.co/Lqy0TBpXkg,3.0,0.0,Twitter for iPhone,505200629.0,Todd Nelon,ToddNelon,The Roof Troop,2012-02-27 00:44:30,106.0,"Atlanta, GA",33.749098700000005,-84.39018490000002,Atlanta,United States of America,North America,Georgia,GA,2020-10-21 00:00:44.015319057
2020-10-15 00:05:22,1.3165305720769454e+18,"Who is leading? Trump or baiden!
Follow the link to know! 
https://t.co/2kaIBbxqAr
#USA #USPresidentialElections2020 #USElection #USElection2020 #TrumpCovid19 #trump #JoeBiden #USElectionDialogues #Election2020 #Elections2020 #ElectionDay #Trump2020",0.0,0.0,Twitter for Android,1.3066054035649208e+18,The Guardian English,GuardianEnglish,"News, sports, entertainment, magazine website.",2020-09-17 14:46:30,15.0,,,,,,,,,2020-10-21 00:00:43.497491774
2020-10-15 00:05:31,1.3165306074054246e+18,"Biden for (p)resident
Trump fo(u)r more years

#DonaldTrump #JoeBiden #Election2020 https://t.co/0iUphtSbR9",2.0,1.0,Twitter Web App,1.1589129003978547e+18,Pansan Pen ÂçäÂ±±Á≠ÜË´á,PansanPen,life is not worth living without freedom,2019-08-07 01:29:01,242.0,,,,,,,,,2020-10-21 00:00:44.533146340
2020-10-15 00:05:33,1.3165306180172145e+18,"Not so much as there r automated digital forensic progs that do this sort of analysis vy quickly (e.g. #Encase) &amp; if u r just looking 4 a high-lvl characterization of drive &amp; file content (overt data), keyword, images, email &amp; doc parsing helps w/ triaging high-value info. #Biden https://t.co/mUmWKBKH77",0.0,0.0,Twitter Web App,299141309.0,Dan Garrett,DanGarrett97,"Author, Documentary Photographer, Political Scientist, Visual Sociologist, PhD; Former Career NatSec Professional; Securing Tianxia LLC; Opinions My Own.",2011-05-15 15:40:35,5681.0,"Counter-hegemonic Resistance in China's Hong Kong
Visualizing Protest in the City https://www.springer.com/gp/book/9789812872357",22.2793278,114.1628131,Hong Kong Island,China,Asia,Hong Kong,,2020-10-21 00:00:45.050973623
2020-10-15 00:05:36,1.3165306306169037e+18,"üö®WE'RE NOW LIVING IN COMMUNIST CHINA! üö®

Can't even tweet about the #NYPost's bombshell #Hunter #Biden story! 

‚Å¶@jack‚Å© You're an absolute disgrace! This is a direct assault on our freedom of speech! 

#HunterBidenEmails 
#TwitterCensorship 
#MAGA2020 
#Trump2020 https://t.co/Ee3NriP3ye",374.0,225.0,Twitter for iPhone,867438710.0,The Beer Legend,thebeerlegend,I‚Äôm a political junkie who loves to dunk on fools on Twitter and drink ice cold beers! üèÄüç∫ # DOES NOT = ENDORSEMENT,2012-10-08 04:55:51,1535.0,,,,,,,,,2020-10-21 00:00:45.568800906
2020-10-15 00:05:40,1.316530646488154e+18,https://t.co/tYkBnbstJw.   #biden #HunterBiden #HunterBidenEmails  #BidenHarris,4.0,2.0,Twitter for iPhone,555507247.0,g,gatsbygabe,,2012-04-16 23:33:30,8.0,USA,39.7837304,-100.4458825,,United States,North America,,,2020-10-21 00:00:46.086628189
2020-10-15 00:05:41,1.3165306499232276e+18,"Twitter, please fact check this picture of Hunter Biden passed out with a crack pipe in his mouth... #Biden #HunterBiden https://t.co/tmPVG3lTCx",6.0,0.0,Twitter for Android,912887172.0,Joshua Solomon,solnet99,,2012-10-29 17:37:00,18.0,,,,,,,,,2020-10-21 00:00:46.604455472
2020-10-15 00:05:46,1.3165306686423368e+18,@TwitterSafety Skip it. You hacks are covering for #JoeBiden plain and simple. #HunterBiden #BurismaBoys,9.0,4.0,Twitter Web App,18037344.0,Keith James,BlackMagic63,"Freedom is never more than one generation away from extinction. We didn't pass it to our children in the bloodstream. It must be fought for, protected-R. Reagan",2008-12-11 01:47:29,7081.0,The Great Southwest!,,,,,,,,2020-10-21 00:00:47.122282755
2020-10-15 00:05:50,1.316530687604793e+18,"Vice President #Biden is 77 years young.
I am willing to bet that he has a long list of things he‚Äôd rather focus on and enjoy life, than cleaning up üßπ the deadly mess left by spineless republicans and #DonTheCon 
His only motive is to #BuildBackBetter #VoteForDemocracy #Vote",0.0,0.0,Twitter for iPhone,51827092.0,Amir Mohammad Reza Estakhri,estakhriam,"Language Interpreter. San Diego, California. üá∫üá∏ üáÆüáπ üáÆüá∑",2009-06-28 20:04:34,371.0,"San Diego, CA USA",32.7174209,-117.1627714,San Diego,United States of America,North America,California,CA,2020-10-21 00:00:47.640110038
2020-10-15 00:05:51,1.316530692000379e+18,@Defeat_Trump2 I will still act as  IF #JoeBiden is 50 points behind.  And VOTE FOR HIM!,7.0,3.0,Twitter for Android,1.075164253047337e+18,Sleazy NYC landlord #POTUS,NycPotus,"NO DMs. Hate The Orange Traitor. Vehemently anti-MAGATs. Follow me so I can regain my followers. I MISS THEM
#ImpeachtheMF
suspended TWICE. 4 HATING THE GARBAGE",2018-12-18 23:01:48,4358.0,Las Vegas and Casablanca ,39.9282285,-3.748776,,Spain,Europe,Community of Madrid,MD,2020-10-21 00:00:48.157937321
2020-10-15 00:05:51,1.3165306907127726e+18,Twitter is censoring all information about the Biden crime family #HunterBiden #HunterBidenEmails #JoeBiden #Bidens #JoeBidenIsSick #bidenslaveowners #BidenHarris2020 #BigMikeObama,0.0,0.0,Twitter for iPhone,366417295.0,Darren Michelsüá∫üá∏,DarrenMichels,Combat Veteran USAF. üá∫üá∏ Citizen Journalist. Scratch Golfer.,2011-09-02 04:11:52,315.0,United States,39.7837304,-100.4458825,,United States,North America,,,2020-10-21 00:00:48.675764604
2020-10-15 00:06:04,1.3165307481203548e+18,"Twazis says they blocked NY Post's #HunterBiden story cuz they block stories with stolen info.

Let's test their theory &amp; #Leftist agenda in protecting #Biden with the story by the #NYPost on STOLEN secret audio tapes of #Trump!

#LiberalPrivilege #MAGA
 https://t.co/bWriPoqI0d",19.0,16.0,Twitter for Android,1.2584711766717686e+18,Shawn Hawkins,ArmedPatriot45,Pvt Mil Ctr Vetüá∫üá∏4 languagesüè¥Û†ÅßÛ†Å¢Û†Å•Û†ÅÆÛ†ÅßÛ†ÅøBorn &Lived in Mid East & Eastern Europe fighting radical Islamists‚öîÔ∏èConstitutional Hardlinerüá∫üá∏#MAGA #2A #NoSharia,2020-05-07 18:58:17,20614.0,"South Carolina, USA",33.687438799999995,-80.4363743,,United States of America,North America,South Carolina,SC,2020-10-21 00:00:49.193591887
2020-10-15 00:06:14,1.3165307862170665e+18,"@ShelbyKStewart @nbc @thedailybeast Thinking of watching the #SteamingPileOfTrump town hall Thursday?
Please reconsider.
#JoeBiden has a previously announced town hall on 
@ABC  @ the same time Thursday.
#Boycott the #TrumpTownHall on @MSNBC &amp; @CNBC
Watch #ABC instead.
#BoycottMSNBC #BoycottNBC #Resist #MeToo https://t.co/dc04eSljKx",0.0,0.0,Twitter Web App,3121635535.0,#Register AND #Vote!,GOPUggh,"Retweet
Likes Are Like Kissing Your Sister 
#RegisterWith2Friends #VoteWith2Friends
#VetsForGunReform
No Lists",2015-03-31 20:46:39,1404.0,,,,,,,,,2020-10-21 00:00:50.229246453
2020-10-15 00:06:14,1.3165307889099407e+18,@jack You‚Äôre not helping #Biden lmao. On the contrary.,0.0,0.0,Twitter for iPhone,1.2765995497342894e+18,Aaron Watson,AaronWa54798122,No one in particular.,2020-06-26 19:33:59,569.0,Planet Earth ,34.2331373,-102.4107493,,United States of America,North America,Texas,TX,2020-10-21 00:00:49.711419170
2020-10-15 00:06:17,1.3165308018283438e+18,@JoeBiden Where‚Äôs #JoeBiden hiding out? https://t.co/GWfbafFRCD,0.0,0.0,Twitter for iPad,1.190418496053764e+18,Buck Fullerton,BuckFullerton,"Proud conservative husband, father, and CEO - on parole from Twitter jail. üí™üèª Eternal vigilance is the price of Liberty #MAGA2020 üá∫üá∏ #AmericaFirst üá∫üá∏ #KAG",2019-11-02 00:01:20,868.0,"Ohio, USA",40.2253569,-82.6881395,,United States of America,North America,Ohio,OH,2020-10-21 00:00:50.747073736
2020-10-15 00:06:17,1.3165308020381327e+18,I still can't retweet this @nypost report on #HunterBiden allegedly selling access to his then VP daddy #Biden. Not #1A of @jack. https://t.co/1Le4ztTqOy,2.0,2.0,Twitter Web App,76978453.0,Tim Sumner an America üá∫üá∏,SgtTim911,"Co-founded 9/11 Families for a Safe & Strong America. Retired US Army (MP). #MAGA Parler @ Sgtsumner ""If we lose freedom here, there is no place to escape to.""",2009-09-24 16:23:39,2058.0,U.S.A,31.1932768,30.0540191,,Egypt,Africa,Alexandria Governorate,,2020-10-21 00:00:51.264901019
2020-10-15 00:06:23,1.316530825492603e+18,@JohnBro85286904 @jane3wallace @Anderology @JoeBiden Newly released info proves it. Bidens are corrupt to the core. Time for Hoe to step down #stepdownjoe #JoeBiden #Election2020,1.0,0.0,Twitter for Android,2265868639.0,Debbie,debc819,Mother of 2..looking to help keep our country on the right track. never socialism! Respect our flag and our country.,2013-12-28 12:50:04,439.0,Down South ,,,,,,,,2020-10-21 00:00:51.782728302
2020-10-15 00:06:30,1.3165308551923958e+18,"@MeidasTouch VOTE wisely.
and by wisely I mean for JOE‚Ä¶ or else‚Ä¶.

#JoeBiden @JoeBiden https://t.co/qlHVgonEjt",202.0,51.0,Twitter Web App,54361678.0,Ginger Kitty,icecreamonacone,"I'm just a ginger kitty. I'm chill for the most part & nap often. I'm not political. But this cat is pissed. This ""President"" is stepping on my tail. hiss",2009-07-06 22:49:14,1701.0,,,,,,,,,2020-10-21 00:00:52.300555585
2020-10-15 00:06:40,1.3165308953403064e+18,"#HunterBiden #Cocaine #JoeBiden #KamalaHarris Far reaching implications for VP President 
https://t.co/qHeJcClUK1",1.0,2.0,Twitter for Android,1.213964790214713e+18,WTH...,WTH_inthe,,2020-01-05 23:25:46,44.0,,,,,,,,,2020-10-21 00:00:52.818382868
